{
  "train_loss": [
    1.1592508777635826,
    0.8396755586203919,
    0.6929150249587891,
    0.5470429043111191,
    0.44984453647784445,
    0.33002519138055303,
    0.24343901967893453
  ],
  "val_acc": [
    0.5986666666666667,
    0.6706666666666666,
    0.6573333333333333,
    0.6866666666666666,
    0.644,
    0.664,
    0.6653333333333333
  ],
  "best_epoch": 4,
  "best_val_acc": 0.6866666666666666
}