{
  "train_loss": [
    1.0377713509325712,
    0.8177127869624012,
    0.7150401575947708,
    0.5812949020907564,
    0.4527910969167385,
    0.3262727202671879
  ],
  "val_acc": [
    0.6376651982378855,
    0.6310572687224669,
    0.7026431718061674,
    0.6993392070484582,
    0.698237885462555,
    0.6894273127753304
  ],
  "best_epoch": 3,
  "best_val_acc": 0.7026431718061674
}