{
  "bert": {
    "best_params": {
      "lr": 2.552951604697379e-05,
      "batch_size": 8,
      "epochs": 8
    },
    "training_history": {
      "train_loss": [
        0.6148,
        0.1981,
        0.1522,
        0.1306,
        0.1176,
        0.1027,
        0.0943,
        0.0867
      ],
      "val_loss": [
        0.254,
        0.2465,
        0.2405,
        0.2247,
        0.2372,
        0.2311,
        0.2829,
        0.3363
      ],
      "train_precision": [
        0.665,
        0.9225,
        0.9326,
        0.9383,
        0.9427,
        0.9462,
        0.9488,
        0.9525
      ],
      "val_precision": [
        0.8451,
        0.9402,
        0.929,
        0.9265,
        0.9175,
        0.9288,
        0.9367,
        0.9344
      ],
      "train_recall": [
        0.9241,
        0.9817,
        0.9881,
        0.9918,
        0.9934,
        0.9948,
        0.9961,
        0.9968
      ],
      "val_recall": [
        0.9977,
        0.9715,
        0.9821,
        0.9882,
        0.9901,
        0.9863,
        0.9796,
        0.9803
      ],
      "train_f1": [
        0.7734,
        0.9511,
        0.9596,
        0.9643,
        0.9674,
        0.9699,
        0.9719,
        0.9741
      ],
      "val_f1": [
        0.9151,
        0.9556,
        0.9548,
        0.9563,
        0.9524,
        0.9567,
        0.9576,
        0.9568
      ],
      "train_auc_roc": [
        0.9416,
        0.9944,
        0.9968,
        0.9979,
        0.9984,
        0.9989,
        0.999,
        0.9993
      ],
      "val_auc_roc": [
        0.9899,
        0.9936,
        0.9953,
        0.9951,
        0.9952,
        0.9959,
        0.996,
        0.9957
      ],
      "best_val_f1": 0.9576234507180797,
      "bias_variance_logs": [
        {
          "epoch": 1,
          "train_loss": 0.61482,
          "val_loss": 0.254046,
          "loss_gap": -0.360774,
          "train_precision": 0.665,
          "val_precision": 0.8451,
          "precision_gap": 0.1801,
          "train_recall": 0.9241,
          "val_recall": 0.9977,
          "recall_gap": 0.0736,
          "train_f1": 0.7734,
          "val_f1": 0.9151,
          "f1_gap": 0.1417,
          "train_auc_roc": 0.9416,
          "val_auc_roc": 0.9899,
          "auc_gap": 0.0483,
          "regime": "high_bias"
        },
        {
          "epoch": 2,
          "train_loss": 0.198128,
          "val_loss": 0.246455,
          "loss_gap": 0.048326,
          "train_precision": 0.9225,
          "val_precision": 0.9402,
          "precision_gap": 0.0177,
          "train_recall": 0.9817,
          "val_recall": 0.9715,
          "recall_gap": -0.0101,
          "train_f1": 0.9511,
          "val_f1": 0.9556,
          "f1_gap": 0.0044,
          "train_auc_roc": 0.9944,
          "val_auc_roc": 0.9936,
          "auc_gap": -0.0008,
          "regime": "balanced"
        },
        {
          "epoch": 3,
          "train_loss": 0.152161,
          "val_loss": 0.240539,
          "loss_gap": 0.088377,
          "train_precision": 0.9326,
          "val_precision": 0.929,
          "precision_gap": -0.0036,
          "train_recall": 0.9881,
          "val_recall": 0.9821,
          "recall_gap": -0.006,
          "train_f1": 0.9596,
          "val_f1": 0.9548,
          "f1_gap": -0.0047,
          "train_auc_roc": 0.9968,
          "val_auc_roc": 0.9953,
          "auc_gap": -0.0015,
          "regime": "balanced"
        },
        {
          "epoch": 4,
          "train_loss": 0.130622,
          "val_loss": 0.224699,
          "loss_gap": 0.094077,
          "train_precision": 0.9383,
          "val_precision": 0.9265,
          "precision_gap": -0.0118,
          "train_recall": 0.9918,
          "val_recall": 0.9882,
          "recall_gap": -0.0036,
          "train_f1": 0.9643,
          "val_f1": 0.9563,
          "f1_gap": -0.008,
          "train_auc_roc": 0.9979,
          "val_auc_roc": 0.9951,
          "auc_gap": -0.0027,
          "regime": "balanced"
        },
        {
          "epoch": 5,
          "train_loss": 0.117596,
          "val_loss": 0.237196,
          "loss_gap": 0.1196,
          "train_precision": 0.9427,
          "val_precision": 0.9175,
          "precision_gap": -0.0252,
          "train_recall": 0.9934,
          "val_recall": 0.9901,
          "recall_gap": -0.0033,
          "train_f1": 0.9674,
          "val_f1": 0.9524,
          "f1_gap": -0.015,
          "train_auc_roc": 0.9984,
          "val_auc_roc": 0.9952,
          "auc_gap": -0.0032,
          "regime": "balanced"
        },
        {
          "epoch": 6,
          "train_loss": 0.102668,
          "val_loss": 0.231131,
          "loss_gap": 0.128463,
          "train_precision": 0.9462,
          "val_precision": 0.9288,
          "precision_gap": -0.0175,
          "train_recall": 0.9948,
          "val_recall": 0.9863,
          "recall_gap": -0.0085,
          "train_f1": 0.9699,
          "val_f1": 0.9567,
          "f1_gap": -0.0132,
          "train_auc_roc": 0.9989,
          "val_auc_roc": 0.9959,
          "auc_gap": -0.003,
          "regime": "balanced"
        },
        {
          "epoch": 7,
          "train_loss": 0.094272,
          "val_loss": 0.282917,
          "loss_gap": 0.188645,
          "train_precision": 0.9488,
          "val_precision": 0.9367,
          "precision_gap": -0.0122,
          "train_recall": 0.9961,
          "val_recall": 0.9796,
          "recall_gap": -0.0166,
          "train_f1": 0.9719,
          "val_f1": 0.9576,
          "f1_gap": -0.0143,
          "train_auc_roc": 0.999,
          "val_auc_roc": 0.996,
          "auc_gap": -0.0031,
          "regime": "balanced"
        },
        {
          "epoch": 8,
          "train_loss": 0.086717,
          "val_loss": 0.336318,
          "loss_gap": 0.249601,
          "train_precision": 0.9525,
          "val_precision": 0.9344,
          "precision_gap": -0.0181,
          "train_recall": 0.9968,
          "val_recall": 0.9803,
          "recall_gap": -0.0165,
          "train_f1": 0.9741,
          "val_f1": 0.9568,
          "f1_gap": -0.0173,
          "train_auc_roc": 0.9993,
          "val_auc_roc": 0.9957,
          "auc_gap": -0.0036,
          "regime": "balanced"
        }
      ]
    }
  },
  "t5": {
    "best_params": {
      "lr": 4.822924603882918e-05,
      "batch_size": 8,
      "epochs": 8
    },
    "training_history": {
      "train_loss": [
        2.4796,
        0.0281,
        0.0196,
        0.0163,
        0.0125,
        0.0108,
        0.0095
      ],
      "val_loss": [
        0.0308,
        0.0221,
        0.0193,
        0.0182,
        0.0184,
        0.0183,
        0.0195
      ],
      "train_accuracy": [
        0.8384,
        0.9856,
        0.9926,
        0.9946,
        0.9961,
        0.9975,
        0.998
      ],
      "val_accuracy": [
        0.985,
        0.996,
        0.9976,
        0.9976,
        0.9984,
        0.9984,
        0.9984
      ],
      "train_precision": [
        0.8482,
        0.9765,
        0.9887,
        0.9924,
        0.9941,
        0.9966,
        0.9966
      ],
      "val_precision": [
        0.9683,
        0.9908,
        0.9954,
        0.9954,
        0.9977,
        0.9977,
        0.9977
      ],
      "train_recall": [
        0.6249,
        0.9802,
        0.9891,
        0.9912,
        0.9941,
        0.9958,
        0.9975
      ],
      "val_recall": [
        0.9884,
        0.9977,
        0.9977,
        0.9977,
        0.9977,
        0.9977,
        0.9977
      ],
      "train_f1": [
        0.7196,
        0.9784,
        0.9889,
        0.9918,
        0.9941,
        0.9962,
        0.9971
      ],
      "val_f1": [
        0.9782,
        0.9942,
        0.9965,
        0.9965,
        0.9977,
        0.9977,
        0.9977
      ],